id,first_name,last_name,email,gender,ip_address
1,Kerri,Bootyman,kbootyman0@unblog.fr,Female,148.66.211.225
2,Isaak,Stichall,istichall1@technorati.com,Male,102.163.77.64
3,Erv,Livingstone,elivingstone2@google.co.jp,Male,96.155.4.116
4,Maritsa,Brookfield,mbrookfield3@artisteer.com,Female,45.108.113.112
5,Charlotta,Gridon,cgridon4@nydailynews.com,Female,10.239.196.45
6,Krissie,Spelwood,kspelwood5@reuters.com,Female,86.192.196.3
7,Nancy,Bricksey,nbricksey6@booking.com,Female,1.23.49.10
8,Bernarr,Huby,bhuby7@biglobe.ne.jp,Male,63.86.176.222
9,Magdaia,Marunchak,mmarunchak8@jugem.jp,Female,251.25.39.87
10,Josi,Boxell,jboxell9@opera.com,Female,69.131.97.102
11,Palmer,Castillou,pcastilloua@amazon.com,Male,186.147.67.104
12,Kylie,Lyste,klysteb@usatoday.com,Male,33.201.178.253
13,Penrod,Dugmore,pdugmorec@163.com,Male,45.159.199.186
14,Shell,Sorbie,ssorbied@studiopress.com,Male,140.158.244.77
15,Jeanna,Kunneke,jkunnekee@amazon.co.uk,Female,2.209.253.226
16,Lennard,Martugin,lmartuginf@de.vu,Male,104.64.176.86
17,Cecile,Pancoust,cpancoustg@ihg.com,Female,47.14.170.2
18,Iver,Custance,icustanceh@nih.gov,Male,158.97.3.193
19,Earle,Halley,ehalleyi@cloudflare.com,Male,100.153.182.13
20,Korney,Comford,kcomfordj@barnesandnoble.com,Female,146.211.178.25
21,Allayne,Rawcliffe,arawcliffek@etsy.com,Male,66.197.46.68
22,Ches,Tregien,ctregienl@themeforest.net,Male,53.62.81.23
23,Gayler,Huebner,ghuebnerm@wufoo.com,Male,1.67.72.195
24,De,Linnell,dlinnelln@cafepress.com,Female,100.10.29.167
25,Jillie,Wloch,jwlocho@quantcast.com,Female,195.176.39.97
26,Eimile,Choffin,echoffinp@unblog.fr,Female,51.59.112.36
27,Heddie,Hatz,hhatzq@army.mil,Female,75.69.251.130
28,Zachariah,Rowles,zrowlesr@blogs.com,Male,168.35.177.156
29,Lanni,Arend,larends@cpanel.net,Female,219.108.25.220
30,Cece,Haynesford,chaynesfordt@sciencedirect.com,Male,255.70.192.180
31,Valentino,Agent,vagentu@barnesandnoble.com,Male,63.121.236.9
32,Raviv,Woolham,rwoolhamv@techcrunch.com,Male,12.191.227.206
33,Decca,Lackner,dlacknerw@google.ru,Male,108.152.150.86
34,Shina,Urridge,surridgex@house.gov,Female,185.11.157.36
35,Torrance,Hackey,thackeyy@behance.net,Male,148.227.89.66
36,Griffie,Joicey,gjoiceyz@princeton.edu,Male,13.158.119.28
37,Carolin,Mebes,cmebes10@elpais.com,Female,64.133.52.153
38,Ardyce,Hlavac,ahlavac11@godaddy.com,Female,122.45.139.241
39,Bamby,Fairhurst,bfairhurst12@uol.com.br,Female,188.210.37.176
40,Flemming,Nias,fnias13@chicagotribune.com,Male,136.232.156.206
41,Wilburt,Cuddehy,wcuddehy14@nsw.gov.au,Male,84.247.13.238
42,Cass,Bradbeer,cbradbeer15@answers.com,Male,197.29.48.227
43,Batsheva,Paquet,bpaquet16@microsoft.com,Female,183.245.62.150
44,Erina,Spieght,espieght17@wikimedia.org,Female,109.236.210.245
45,Roseline,Venediktov,rvenediktov18@hhs.gov,Female,106.202.160.156
46,Selle,Rochewell,srochewell19@amazon.co.jp,Female,9.126.240.78
47,Audie,Recher,arecher1a@cbsnews.com,Female,231.173.106.212
48,Bobby,Hasted,bhasted1b@illinois.edu,Male,54.251.206.95
49,Julee,Ossipenko,jossipenko1c@gov.uk,Female,141.238.99.80
50,Tedda,Rue,true1d@mozilla.com,Female,121.165.215.189
51,Keene,Ridges,kridges1e@baidu.com,Male,144.172.156.50
52,Liza,Hamil,lhamil1f@photobucket.com,Female,229.237.225.235
53,Jocko,Ankers,jankers1g@imageshack.us,Male,163.115.18.73
54,Ansell,Pobjoy,apobjoy1h@homestead.com,Male,184.242.210.135
55,Randene,Worshall,rworshall1i@nydailynews.com,Female,112.170.0.246
56,Fanny,Beretta,fberetta1j@seattletimes.com,Female,60.84.39.241
57,Kerry,Abby,kabby1k@google.ca,Male,176.66.241.11
58,Johanna,Simkovich,jsimkovich1l@weather.com,Female,123.58.21.37
59,Cristi,Amesbury,camesbury1m@cdc.gov,Female,181.79.198.202
60,Godfry,Conyard,gconyard1n@businessweek.com,Male,119.249.19.142
61,Lida,Ping,lping1o@e-recht24.de,Female,240.125.217.34
62,Clayson,Pecey,cpecey1p@sphinn.com,Male,107.131.148.165
63,Langston,Leys,lleys1q@ustream.tv,Male,5.57.93.215
64,Boyce,Lapping,blapping1r@earthlink.net,Male,61.165.184.96
65,Evangeline,Grime,egrime1s@dropbox.com,Female,158.6.236.85
66,Vivian,Bew,vbew1t@cbc.ca,Female,201.35.57.209
67,Frazier,Ropkins,fropkins1u@yahoo.com,Male,42.39.13.178
68,Corbie,Birchenough,cbirchenough1v@dyndns.org,Male,35.194.65.235
69,Nadya,Bretland,nbretland1w@nyu.edu,Female,61.18.161.111
70,Juan,Oldford,joldford1x@businessweek.com,Male,61.121.153.11
71,Erinn,Spellessy,espellessy1y@symantec.com,Female,139.156.3.95
72,Lazare,Pendergast,lpendergast1z@europa.eu,Male,251.73.45.3
73,Reinhard,Elford,relford20@yellowbook.com,Male,30.171.194.138
74,Hersh,Themann,hthemann21@bandcamp.com,Male,51.111.126.1
75,Petronella,Durrant,pdurrant22@photobucket.com,Female,68.148.118.167
76,Ferdy,Tremayle,ftremayle23@aboutads.info,Male,93.48.6.88
77,Tamarra,Durban,tdurban24@scientificamerican.com,Female,174.103.232.145
78,Morganica,Kondratowicz,mkondratowicz25@dell.com,Female,110.197.73.2
79,Sophronia,Shotter,sshotter26@cornell.edu,Female,58.251.240.142
80,Phyllida,Salter,psalter27@yelp.com,Female,4.21.227.3
81,Henka,Sergant,hsergant28@fastcompany.com,Female,1.103.201.32
82,Gerta,Spriddle,gspriddle29@wired.com,Female,138.170.242.32
83,Yard,Wilfinger,ywilfinger2a@google.com,Male,98.16.214.48
84,Evelina,Sockell,esockell2b@pagesperso-orange.fr,Female,130.129.53.130
85,Frederich,Koppelmann,fkoppelmann2c@bizjournals.com,Male,39.103.244.241
86,Vivien,Duell,vduell2d@bravesites.com,Female,138.52.188.77
87,Lura,Seman,lseman2e@gizmodo.com,Female,107.171.225.195
88,Alonso,Serfati,aserfati2f@ebay.co.uk,Male,52.165.91.66
89,Hernando,Herrieven,hherrieven2g@mashable.com,Male,111.110.112.107
90,Lesly,Cellone,lcellone2h@ihg.com,Female,120.43.94.162
91,Mick,Guerrier,mguerrier2i@xinhuanet.com,Male,240.51.131.28
92,Gabbie,Riolfi,griolfi2j@mit.edu,Female,153.149.200.185
93,Rex,Pringley,rpringley2k@blog.com,Male,81.158.75.72
94,Juliet,Karel,jkarel2l@deviantart.com,Female,106.211.75.62
95,Moore,Oxbe,moxbe2m@huffingtonpost.com,Male,72.19.46.148
96,Dall,Rafter,drafter2n@independent.co.uk,Male,206.248.83.92
97,Ev,Dowzell,edowzell2o@businesswire.com,Male,219.98.201.145
98,Tristan,List,tlist2p@nbcnews.com,Male,56.87.118.197
99,Bryn,Milius,bmilius2q@bloomberg.com,Male,122.229.156.91
100,Leupold,Ygo,lygo2r@acquirethisname.com,Male,247.197.81.23
101,Bale,Visick,bvisick2s@deviantart.com,Male,47.231.189.12
102,Salomone,Fonzo,sfonzo2t@cyberchimps.com,Male,26.116.227.183
103,Kristoforo,Millichip,kmillichip2u@t-online.de,Male,12.34.241.59
104,Darleen,July,djuly2v@google.pl,Female,242.91.151.63
105,Anthe,Craske,acraske2w@sbwire.com,Female,31.171.205.117
106,Louise,Hince,lhince2x@cmu.edu,Female,42.147.56.155
107,Mellisent,Stitfall,mstitfall2y@wiley.com,Female,134.188.20.218
108,Alana,Follan,afollan2z@ebay.com,Female,187.66.91.205
109,Tera,Schoolfield,tschoolfield30@gmpg.org,Female,159.22.37.26
110,Everett,McCleverty,emccleverty31@japanpost.jp,Male,124.90.104.250
111,Immanuel,Hallin,ihallin32@msu.edu,Male,210.108.102.70
112,Dulcia,Bownd,dbownd33@unc.edu,Female,160.85.30.73
113,Vernon,Cust,vcust34@elegantthemes.com,Male,88.42.197.71
114,Danita,Elvey,delvey35@samsung.com,Female,213.25.234.61
115,Bevvy,Keems,bkeems36@howstuffworks.com,Female,195.74.157.21
116,Bertram,McGraith,bmcgraith37@yellowpages.com,Male,187.234.53.202
117,Amerigo,Rymour,arymour38@bravesites.com,Male,58.125.0.7
118,Yorker,Halahan,yhalahan39@archive.org,Male,130.133.47.173
119,Marshal,Gerhartz,mgerhartz3a@engadget.com,Male,59.26.252.133
120,Darius,Brokenshaw,dbrokenshaw3b@washingtonpost.com,Male,217.200.35.140
121,Tony,Davison,tdavison3c@intel.com,Male,239.215.55.254
122,Cristiano,Androsik,candrosik3d@weather.com,Male,137.98.90.221
123,Wernher,Duley,wduley3e@springer.com,Male,18.108.95.28
124,Didi,Moggach,dmoggach3f@naver.com,Female,190.59.150.52
125,Vanni,Dahle,vdahle3g@independent.co.uk,Female,49.99.34.45
126,Heida,Fearnside,hfearnside3h@amazon.de,Female,115.129.87.217
127,Carilyn,Kilsby,ckilsby3i@mit.edu,Female,241.75.131.79
128,Ketty,Tracy,ktracy3j@feedburner.com,Female,244.14.182.66
129,Dannel,Beadon,dbeadon3k@ezinearticles.com,Male,231.54.153.127
130,Lois,Swinden,lswinden3l@google.it,Female,103.172.171.176
131,Bria,Scain,bscain3m@cmu.edu,Female,37.52.170.28
132,Bendicty,Ryder,bryder3n@dell.com,Male,238.52.30.103
133,Abner,Pahler,apahler3o@deliciousdays.com,Male,174.215.240.71
134,Royall,Kerwick,rkerwick3p@boston.com,Male,84.68.65.189
135,Husain,McFarlan,hmcfarlan3q@ebay.co.uk,Male,165.204.211.232
136,Linn,Renison,lrenison3r@merriam-webster.com,Female,53.59.12.42
137,Jeni,Twidell,jtwidell3s@berkeley.edu,Female,54.254.47.197
138,Mace,Jaffra,mjaffra3t@wikispaces.com,Male,34.74.12.189
139,Dionis,Champe,dchampe3u@weibo.com,Female,92.204.51.110
140,Kit,Defries,kdefries3v@shinystat.com,Male,63.29.178.79
141,Kenon,Dominguez,kdominguez3w@facebook.com,Male,28.55.207.172
142,Faber,Karlqvist,fkarlqvist3x@live.com,Male,185.246.147.124
143,Aharon,Itzig,aitzig3y@redcross.org,Male,74.203.35.67
144,Jaclyn,Corradengo,jcorradengo3z@wikipedia.org,Female,92.36.122.148
145,Natka,Eefting,neefting40@ft.com,Female,130.40.154.2
146,Marylinda,Pedrocco,mpedrocco41@blog.com,Female,218.142.226.87
147,Meggi,Janko,mjanko42@mediafire.com,Female,199.176.72.88
148,Karlan,Redfield,kredfield43@unc.edu,Male,200.233.165.179
149,Northrop,Louys,nlouys44@sogou.com,Male,248.199.124.252
150,Arnuad,Gales,agales45@rediff.com,Male,177.8.154.83
151,Ethe,Catling,ecatling46@people.com.cn,Male,50.251.174.40
152,Rene,Tressler,rtressler47@wordpress.com,Male,191.128.13.216
153,Findlay,Maddaford,fmaddaford48@wp.com,Male,172.173.40.171
154,Lisette,Trazzi,ltrazzi49@usnews.com,Female,81.202.176.52
155,Selinda,Ashleigh,sashleigh4a@nih.gov,Female,208.76.125.200
156,Jennette,List,jlist4b@auda.org.au,Female,209.250.197.226
157,Reggie,Bate,rbate4c@ox.ac.uk,Female,81.83.16.21
158,Arty,Cambell,acambell4d@mozilla.org,Male,231.194.127.116
159,Jonah,Pimlock,jpimlock4e@answers.com,Male,68.232.178.197
160,Percy,Sauvain,psauvain4f@oakley.com,Male,104.122.152.88
161,Fawn,Orneles,forneles4g@drupal.org,Female,112.139.231.30
162,Toma,Lemmens,tlemmens4h@latimes.com,Female,8.160.49.149
163,Darrelle,Pelfer,dpelfer4i@china.com.cn,Female,139.142.111.164
164,Codee,Meany,cmeany4j@squarespace.com,Female,59.124.210.173
165,Jone,Jobbings,jjobbings4k@marketwatch.com,Male,181.224.99.16
166,Silvain,Muggleston,smuggleston4l@cornell.edu,Male,78.71.230.43
167,Connor,Jeanneau,cjeanneau4m@forbes.com,Male,188.39.250.187
168,Rodolph,McDonough,rmcdonough4n@mapquest.com,Male,145.251.97.193
169,Lizette,Bunston,lbunston4o@istockphoto.com,Female,134.100.228.226
170,Binny,Terzo,bterzo4p@macromedia.com,Female,254.187.54.106
171,Fionnula,Mumbray,fmumbray4q@about.me,Female,203.150.84.125
172,Cirilo,Liveley,cliveley4r@nps.gov,Male,51.58.177.64
173,Daron,Edser,dedser4s@elpais.com,Male,171.120.174.109
174,Sandor,Isacsson,sisacsson4t@mac.com,Male,187.122.43.78
175,Karleen,Bourne,kbourne4u@uiuc.edu,Female,53.228.38.128
176,Lenard,Dubarry,ldubarry4v@eventbrite.com,Male,151.110.112.132
177,Timmie,Crankhorn,tcrankhorn4w@biblegateway.com,Female,166.190.188.58
178,Merrielle,Rowlatt,mrowlatt4x@paypal.com,Female,81.172.228.84
179,Robbert,Dibdin,rdibdin4y@ed.gov,Male,250.161.225.118
180,Isiahi,Linwood,ilinwood4z@g.co,Male,6.7.176.36
181,Ole,Niese,oniese50@nasa.gov,Male,8.101.101.223
182,Ryun,Ockleshaw,rockleshaw51@phpbb.com,Male,35.152.190.85
183,Margi,Rickeard,mrickeard52@gravatar.com,Female,244.241.92.54
184,Fee,Polk,fpolk53@phpbb.com,Male,228.181.146.102
185,Mabelle,MacMeekan,mmacmeekan54@liveinternet.ru,Female,109.186.184.112
186,Morgun,Heam,mheam55@wp.com,Male,152.244.36.106
187,Noah,Mettrick,nmettrick56@furl.net,Male,31.6.87.119
188,Delores,Wringe,dwringe57@51.la,Female,45.53.223.76
189,Bryn,Iacopetti,biacopetti58@chronoengine.com,Female,199.242.224.104
190,Melita,Derisley,mderisley59@wufoo.com,Female,92.187.210.29
191,Muire,Covil,mcovil5a@nationalgeographic.com,Female,79.135.123.131
192,Sayre,Jackman,sjackman5b@ustream.tv,Male,187.185.106.11
193,Shurlocke,Blowfelde,sblowfelde5c@scientificamerican.com,Male,58.239.39.63
194,Chelsea,Long,clong5d@vinaora.com,Female,73.51.223.127
195,Hermine,Twopenny,htwopenny5e@w3.org,Female,252.91.87.242
196,Taddeo,Pantlin,tpantlin5f@phpbb.com,Male,252.251.219.206
197,Adlai,Silby,asilby5g@mozilla.com,Male,130.128.94.74
198,Mart,Binnell,mbinnell5h@ezinearticles.com,Male,166.237.169.139
199,Harlie,Chidgey,hchidgey5i@deliciousdays.com,Female,206.210.24.108
200,Kalil,Toohey,ktoohey5j@free.fr,Male,251.197.222.121
201,Loretta,Moubray,lmoubray5k@devhub.com,Female,88.55.99.136
202,Raymund,Bryett,rbryett5l@fastcompany.com,Male,156.131.114.213
203,Cacilie,Butchers,cbutchers5m@marketwatch.com,Female,120.154.91.144
204,Nancee,Belvard,nbelvard5n@devhub.com,Female,148.156.215.103
205,Jermaine,Ternouth,jternouth5o@networksolutions.com,Female,113.210.253.161
206,Farr,Luety,fluety5p@mail.ru,Male,77.131.124.110
207,Elke,Tett,etett5q@jiathis.com,Female,89.84.72.151
208,Kean,Boreham,kboreham5r@who.int,Male,160.94.191.209
209,Mildred,Campana,mcampana5s@ovh.net,Female,203.198.34.43
210,Kincaid,Stealfox,kstealfox5t@linkedin.com,Male,143.183.145.248
211,Rania,Garroway,rgarroway5u@princeton.edu,Female,114.98.153.92
212,Leeann,Stennine,lstennine5v@networksolutions.com,Female,165.58.159.111
213,Claudelle,Counter,ccounter5w@kickstarter.com,Female,220.213.113.73
214,Sigismond,Mundy,smundy5x@howstuffworks.com,Male,247.219.139.17
215,Keane,Krop,kkrop5y@hostgator.com,Male,86.205.59.222
216,Idette,Eisak,ieisak5z@woothemes.com,Female,32.108.172.132
217,Gerek,Blaxill,gblaxill60@sogou.com,Male,183.181.81.233
218,Frasquito,Gladwell,fgladwell61@yahoo.com,Male,219.253.76.52
219,Brear,Maccrae,bmaccrae62@goo.ne.jp,Female,156.196.77.70
220,Nona,Kemmey,nkemmey63@telegraph.co.uk,Female,187.207.27.192
221,Cal,Bellham,cbellham64@biblegateway.com,Female,3.28.150.85
222,Rockey,Mockford,rmockford65@hexun.com,Male,202.183.110.90
223,Jodie,Wheble,jwheble66@salon.com,Male,111.190.159.21
224,Elka,Davidsohn,edavidsohn67@slashdot.org,Female,179.2.221.139
225,Cammy,Denecamp,cdenecamp68@wikia.com,Male,206.3.224.50
226,Michal,Okenden,mokenden69@wikipedia.org,Male,155.189.17.41
227,Raynell,Kleinholz,rkleinholz6a@imdb.com,Female,47.189.33.56
228,Nobie,Alps,nalps6b@gravatar.com,Male,47.217.239.49
229,Audie,Targetter,atargetter6c@ustream.tv,Female,31.248.106.232
230,Fiona,Sissons,fsissons6d@home.pl,Female,21.4.68.200
231,Allard,Nenci,anenci6e@weather.com,Male,233.58.6.202
232,Gothart,Bucktrout,gbucktrout6f@ezinearticles.com,Male,88.205.110.189
233,Dwight,Peron,dperon6g@chicagotribune.com,Male,197.234.69.52
234,Terrill,Espy,tespy6h@msn.com,Male,157.121.104.168
235,Trefor,Wilden,twilden6i@dmoz.org,Male,100.208.168.194
236,Leanora,Fontelles,lfontelles6j@cpanel.net,Female,131.103.88.180
237,Selie,Burgane,sburgane6k@japanpost.jp,Female,181.164.116.229
238,Ettie,Watmore,ewatmore6l@adobe.com,Female,228.147.72.228
239,Glory,Ebunoluwa,gebunoluwa6m@thetimes.co.uk,Female,251.121.157.76
240,Estell,Royds,eroyds6n@arstechnica.com,Female,35.47.175.54
241,Adolphe,Ickowics,aickowics6o@chicagotribune.com,Male,224.250.180.65
242,Laurence,Hubball,lhubball6p@google.com.au,Male,1.177.52.212
243,Kipper,Latter,klatter6q@bing.com,Male,17.233.196.217
244,Ryley,Regenhardt,rregenhardt6r@comcast.net,Male,189.40.75.71
245,Hyacinth,Nuemann,hnuemann6s@telegraph.co.uk,Female,106.117.103.233
246,Gerome,Darcey,gdarcey6t@163.com,Male,34.99.126.218
247,Earle,Shurman,eshurman6u@alibaba.com,Male,63.89.221.248
248,Guillaume,Baish,gbaish6v@scientificamerican.com,Male,0.224.124.197
249,Brena,Habron,bhabron6w@ow.ly,Female,18.230.168.181
250,Findlay,Watkiss,fwatkiss6x@fema.gov,Male,166.157.167.225
251,Fionnula,Pedrocchi,fpedrocchi6y@lycos.com,Female,146.228.181.45
252,Kalil,Whitland,kwhitland6z@pbs.org,Male,2.26.253.143
253,Florence,Brearley,fbrearley70@comsenz.com,Female,1.164.139.73
254,Ofella,Jesper,ojesper71@accuweather.com,Female,66.48.13.84
255,Analiese,Manuely,amanuely72@edublogs.org,Female,26.159.83.101
256,Audry,Acors,aacors73@engadget.com,Female,69.234.196.68
257,Gunar,Oakenford,goakenford74@toplist.cz,Male,102.149.159.52
258,Nedi,Cleobury,ncleobury75@irs.gov,Female,176.95.76.69
259,Gaby,Westbury,gwestbury76@netlog.com,Male,90.242.249.140
260,Britni,Bradwell,bbradwell77@addthis.com,Female,200.30.248.68
261,Leia,Buglass,lbuglass78@bandcamp.com,Female,117.12.175.191
262,Armin,Horrigan,ahorrigan79@netlog.com,Male,155.231.10.35
263,Chlo,Pariss,cpariss7a@yandex.ru,Female,76.154.150.103
264,Olvan,Ewart,oewart7b@goo.gl,Male,21.11.231.127
265,Roana,Bozworth,rbozworth7c@sun.com,Female,126.33.11.93
266,Gretta,Balsillie,gbalsillie7d@bravesites.com,Female,71.0.216.113
267,Donny,Brierley,dbrierley7e@g.co,Male,68.124.149.165
268,Leila,Hurdis,lhurdis7f@google.ru,Female,150.219.102.150
269,Gaelan,Clappison,gclappison7g@psu.edu,Male,216.47.75.243
270,Gratia,Aitkin,gaitkin7h@w3.org,Female,63.38.19.220
271,Kristoforo,Alexsandrovich,kalexsandrovich7i@chron.com,Male,254.82.175.103
272,Ritchie,Roony,rroony7j@exblog.jp,Male,5.101.96.18
273,Pris,Schulze,pschulze7k@shareasale.com,Female,6.74.66.252
274,Parker,Lancashire,plancashire7l@newyorker.com,Male,52.213.33.41
275,Mordecai,Kuhwald,mkuhwald7m@pagesperso-orange.fr,Male,25.153.27.76
276,Jennine,Bicknell,jbicknell7n@imageshack.us,Female,158.144.76.46
277,Borden,Huygens,bhuygens7o@webmd.com,Male,107.13.156.155
278,Gun,Tanswill,gtanswill7p@hp.com,Male,151.228.34.202
279,Sophi,Mallabund,smallabund7q@bigcartel.com,Female,63.151.89.149
280,Pattie,Neate,pneate7r@blog.com,Female,163.122.97.183
281,Erek,Went,ewent7s@livejournal.com,Male,231.85.96.224
282,Phoebe,Oatley,poatley7t@nymag.com,Female,180.110.0.100
283,Otis,Rhymer,orhymer7u@mayoclinic.com,Male,10.141.130.74
284,Chevy,Scyone,cscyone7v@howstuffworks.com,Male,112.162.47.49
285,Eugen,Benedek,ebenedek7w@gizmodo.com,Male,2.157.32.109
286,Krisha,Truelock,ktruelock7x@clickbank.net,Male,60.241.105.182
287,Margalo,Bassil,mbassil7y@i2i.jp,Female,57.176.8.26
288,Andreana,MacNess,amacness7z@hatena.ne.jp,Female,172.21.158.110
289,Deck,Atger,datger80@ox.ac.uk,Male,76.203.152.127
290,Kristos,Earle,kearle81@dmoz.org,Male,29.237.234.207
291,Jonathon,Boullin,jboullin82@hostgator.com,Male,48.184.201.236
292,Elmo,Dumingos,edumingos83@howstuffworks.com,Male,22.255.222.224
293,Chere,Batstone,cbatstone84@naver.com,Female,65.41.32.98
294,Larine,Shipston,lshipston85@wordpress.org,Female,25.30.187.110
295,Bengt,Frie,bfrie86@domainmarket.com,Male,193.151.31.86
296,Waldo,Vanetti,wvanetti87@columbia.edu,Male,125.174.176.62
297,Annemarie,Izaac,aizaac88@addtoany.com,Female,133.84.106.99
298,Elisabet,Bowley,ebowley89@csmonitor.com,Female,83.156.103.35
299,Eolanda,Sailer,esailer8a@histats.com,Female,197.193.43.96
300,Gertie,Levay,glevay8b@canalblog.com,Female,164.96.131.218
301,Reider,Quinnette,rquinnette8c@comcast.net,Male,168.12.174.162
302,Corbett,Bircher,cbircher8d@4shared.com,Male,189.72.93.144
303,Fredericka,Kondratovich,fkondratovich8e@google.co.uk,Female,72.153.65.205
304,Klarika,Trevan,ktrevan8f@ed.gov,Female,80.189.187.99
305,Cort,Friman,cfriman8g@ucla.edu,Male,130.73.3.233
306,Ralf,Negus,rnegus8h@nbcnews.com,Male,188.226.202.171
307,Marge,Espadate,mespadate8i@goodreads.com,Female,222.170.242.137
308,Gregoor,Jelkes,gjelkes8j@g.co,Male,37.172.174.124
309,Gallagher,Longstreeth,glongstreeth8k@bbb.org,Male,168.15.64.6
310,Carri,Lathleiff,clathleiff8l@multiply.com,Female,123.165.70.43
311,Yuma,Schneider,yschneider8m@blogger.com,Male,43.147.253.210
312,Jo,Dureden,jdureden8n@ucoz.com,Male,61.14.163.97
313,Cleveland,Longstaff,clongstaff8o@ucoz.ru,Male,91.11.216.98
314,Bank,Smaridge,bsmaridge8p@wsj.com,Male,76.181.163.6
315,Nehemiah,Parcells,nparcells8q@gizmodo.com,Male,113.87.129.188
316,Angeli,Najafian,anajafian8r@cbc.ca,Male,211.58.33.70
317,Hermy,Nodes,hnodes8s@columbia.edu,Male,157.112.246.138
318,Gasparo,Jankovic,gjankovic8t@barnesandnoble.com,Male,219.7.109.211
319,Agnese,Heintsch,aheintsch8u@youtu.be,Female,178.253.70.104
320,Slade,Gilliver,sgilliver8v@ycombinator.com,Male,18.212.143.211
321,Tandi,Soigne,tsoigne8w@npr.org,Female,119.206.192.141
322,Blair,Baggelley,bbaggelley8x@canalblog.com,Female,217.238.244.71
323,Bastian,Orrin,borrin8y@springer.com,Male,167.190.234.12
324,Maribelle,Yearn,myearn8z@businessweek.com,Female,135.124.146.52
325,Sherye,Fogg,sfogg90@psu.edu,Female,17.95.187.167
326,Roselle,Tasker,rtasker91@topsy.com,Female,139.240.253.161
327,Eleni,Heilds,eheilds92@sitemeter.com,Female,227.17.174.108
328,Barbie,Pittway,bpittway93@uol.com.br,Female,60.80.58.14
329,Farlee,Dybell,fdybell94@ovh.net,Male,106.119.82.254
330,Arlena,Follen,afollen95@printfriendly.com,Female,190.186.78.113
331,Myrvyn,Deas,mdeas96@salon.com,Male,3.157.175.5
332,Dosi,Biesinger,dbiesinger97@psu.edu,Female,52.233.222.140
333,Bendix,Ivanikhin,bivanikhin98@state.tx.us,Male,250.25.163.216
334,Ashil,Sotheby,asotheby99@businessinsider.com,Female,9.127.62.10
335,Yasmeen,Gleed,ygleed9a@unblog.fr,Female,189.109.122.54
336,Manya,Bugdall,mbugdall9b@msn.com,Female,87.211.215.87
337,Chelsae,Mityashin,cmityashin9c@icio.us,Female,136.209.85.209
338,Barbi,Haylock,bhaylock9d@typepad.com,Female,77.228.190.18
339,Jenna,Molesworth,jmolesworth9e@virginia.edu,Female,241.88.99.196
340,Wallace,Hardern,whardern9f@github.com,Male,209.216.23.183
341,Leesa,Mignot,lmignot9g@pen.io,Female,194.63.147.11
342,Jobyna,MacAleese,jmacaleese9h@google.co.uk,Female,41.53.83.184
343,Teena,Cordeix,tcordeix9i@dyndns.org,Female,218.82.193.53
344,Matthus,Andino,mandino9j@army.mil,Male,222.209.174.181
345,Clarke,McIllroy,cmcillroy9k@sbwire.com,Male,19.232.192.7
346,Calvin,Terney,cterney9l@ft.com,Male,175.188.239.250
347,Margareta,Dunrige,mdunrige9m@umich.edu,Female,249.5.119.15
348,Erika,Droogan,edroogan9n@pcworld.com,Female,239.200.199.73
349,Dennie,Sandercroft,dsandercroft9o@nationalgeographic.com,Male,91.127.155.214
350,Anatola,Swadlin,aswadlin9p@patch.com,Female,54.93.89.117
351,David,Mouatt,dmouatt9q@booking.com,Male,52.83.59.146
352,Nanine,Hubbart,nhubbart9r@spotify.com,Female,37.217.34.162
353,Justis,Ladel,jladel9s@tmall.com,Male,225.83.166.219
354,Marty,Mutimer,mmutimer9t@ifeng.com,Female,66.25.191.29
355,Alf,Trevithick,atrevithick9u@howstuffworks.com,Male,58.17.23.23
356,Fee,Chuney,fchuney9v@bandcamp.com,Male,201.160.180.184
357,Alfons,Deners,adeners9w@loc.gov,Male,184.181.118.213
358,Virgilio,Fenton,vfenton9x@rediff.com,Male,162.59.171.54
359,Othilia,Heeney,oheeney9y@google.nl,Female,93.73.79.116
360,Adelaide,Showell,ashowell9z@desdev.cn,Female,109.146.224.50
361,Morie,Ropking,mropkinga0@flavors.me,Male,113.168.156.195
362,Mitch,Tallant,mtallanta1@zimbio.com,Male,215.74.133.74
363,Crysta,Tomovic,ctomovica2@census.gov,Female,164.174.183.8
364,Joey,Emanulsson,jemanulssona3@t.co,Female,88.28.94.76
365,Levy,Grimbaldeston,lgrimbaldestona4@over-blog.com,Male,0.134.21.117
366,Martin,Chadney,mchadneya5@squidoo.com,Male,153.249.72.234
367,Nels,Cartmel,ncartmela6@msu.edu,Male,200.84.218.59
368,Gerri,Henke,ghenkea7@opera.com,Male,85.165.81.194
369,Ogdon,Mathiassen,omathiassena8@usgs.gov,Male,130.26.222.26
370,Dian,Waddam,dwaddama9@wisc.edu,Female,89.58.106.101
371,Lazaro,Lassey,llasseyaa@cnet.com,Male,165.169.120.31
372,Ervin,Melladew,emelladewab@ca.gov,Male,131.246.191.156
373,Scottie,Ebbings,sebbingsac@free.fr,Male,17.97.49.227
374,Niki,Borless,nborlessad@whitehouse.gov,Male,187.161.137.1
375,Andra,Brodley,abrodleyae@goo.ne.jp,Female,247.51.32.55
376,Quincey,Mucklow,qmucklowaf@va.gov,Male,150.91.52.122
377,Johannes,Blonfield,jblonfieldag@clickbank.net,Male,202.168.169.47
378,Eb,Haldane,ehaldaneah@hhs.gov,Male,4.30.190.6
379,Trace,Kembrey,tkembreyai@google.ca,Male,61.121.118.159
380,Nolly,Batthew,nbatthewaj@salon.com,Male,219.117.253.50
381,Mireielle,Mailey,mmaileyak@howstuffworks.com,Female,60.50.244.220
382,Rosanna,Standbridge,rstandbridgeal@mail.ru,Female,253.152.99.127
383,Faber,Decent,fdecentam@shinystat.com,Male,242.105.190.200
384,Nanci,Mossom,nmossoman@imgur.com,Female,219.102.173.99
385,Land,Alston,lalstonao@phoca.cz,Male,42.35.242.252
386,Jannel,Ferrillio,jferrillioap@yelp.com,Female,175.58.125.199
387,Onofredo,McCullouch,omccullouchaq@ox.ac.uk,Male,98.43.27.77
388,Gus,Jerger,gjergerar@mapy.cz,Male,180.129.156.12
389,Beaufort,Colhoun,bcolhounas@newsvine.com,Male,201.76.251.97
390,Dareen,Weld,dweldat@indiatimes.com,Female,223.25.216.98
391,Patrice,Langstone,plangstoneau@aboutads.info,Female,125.38.1.155
392,Burty,Trustrie,btrustrieav@craigslist.org,Male,173.8.122.178
393,Nydia,Battman,nbattmanaw@unesco.org,Female,126.235.253.100
394,Silas,Hobson,shobsonax@devhub.com,Male,182.118.250.246
395,Georgianne,Mucklow,gmuckloway@51.la,Female,238.77.154.16
396,Arlyne,Tapper,atapperaz@hexun.com,Female,87.104.248.25
397,Raphael,Blaker,rblakerb0@goo.gl,Male,25.161.173.67
398,Shelton,Cushworth,scushworthb1@sina.com.cn,Male,1.76.186.226
399,Wadsworth,Furze,wfurzeb2@mlb.com,Male,226.168.29.29
400,Micky,Dwelley,mdwelleyb3@goo.ne.jp,Male,46.160.1.12
401,Shani,Etuck,setuckb4@redcross.org,Female,129.236.120.214
402,Olav,Novacek,onovacekb5@ocn.ne.jp,Male,178.226.39.254
403,Howie,Sager,hsagerb6@twitter.com,Male,218.131.84.113
404,Corella,Mallalieu,cmallalieub7@dmoz.org,Female,137.160.10.60
405,Betteann,Inglis,binglisb8@webmd.com,Female,51.167.112.152
406,Ethel,Faircliffe,efaircliffeb9@odnoklassniki.ru,Female,87.64.217.78
407,Alvera,Piercy,apiercyba@ucla.edu,Female,187.31.84.223
408,Katalin,Anthoine,kanthoinebb@360.cn,Female,198.29.163.236
409,Thaddus,Kynvin,tkynvinbc@bbb.org,Male,113.183.173.101
410,Leticia,Stiell,lstiellbd@ocn.ne.jp,Female,224.100.70.48
411,Boycie,Frobisher,bfrobisherbe@uiuc.edu,Male,101.137.115.130
412,Melodee,Sanzio,msanziobf@si.edu,Female,99.208.223.118
413,Rey,Molfino,rmolfinobg@yolasite.com,Female,47.127.22.27
414,Del,Nore,dnorebh@wisc.edu,Male,59.89.219.63
415,Jerrilee,Edwick,jedwickbi@g.co,Female,242.44.46.87
416,Teodora,Abramcik,tabramcikbj@bbc.co.uk,Female,44.32.212.77
417,Nick,Stainsby,nstainsbybk@uol.com.br,Male,201.235.89.18
418,Row,Cadamy,rcadamybl@shinystat.com,Female,82.58.112.76
419,Frayda,Bockings,fbockingsbm@themeforest.net,Female,84.117.177.36
420,Corenda,Whiterod,cwhiterodbn@unblog.fr,Female,161.212.232.227
421,Vladimir,Jorgensen,vjorgensenbo@ca.gov,Male,198.140.115.148
422,Ezra,Shalders,eshaldersbp@elpais.com,Male,247.44.224.98
423,Gayleen,Tunnock,gtunnockbq@dyndns.org,Female,183.55.88.172
424,Gabbey,Cockroft,gcockroftbr@cbsnews.com,Female,10.202.0.211
425,Ester,Gissing,egissingbs@dot.gov,Female,34.76.78.120
426,Violetta,Blenkinsopp,vblenkinsoppbt@bloglovin.com,Female,165.54.157.173
427,Rollie,Krzyzanowski,rkrzyzanowskibu@google.com,Male,160.86.53.153
428,Ric,Croote,rcrootebv@pagesperso-orange.fr,Male,7.185.246.245
429,Angus,Guiduzzi,aguiduzzibw@parallels.com,Male,237.105.141.2
430,Niles,Gribbins,ngribbinsbx@lycos.com,Male,212.134.193.116
431,Rasla,Mecco,rmeccoby@dagondesign.com,Female,216.240.136.246
432,Kerrill,Denkin,kdenkinbz@wikimedia.org,Female,36.153.71.120
433,Yard,Keymer,ykeymerc0@cdbaby.com,Male,183.73.78.119
434,Cobby,Sharper,csharperc1@yahoo.co.jp,Male,253.124.209.51
435,Christiano,Hamil,chamilc2@mapy.cz,Male,166.231.86.142
436,Smitty,Linnemann,slinnemannc3@wikia.com,Male,228.203.234.122
437,Wainwright,Taysbil,wtaysbilc4@si.edu,Male,36.172.9.71
438,Loralee,Kleinerman,lkleinermanc5@skyrock.com,Female,83.206.12.50
439,Kirsten,Blackstock,kblackstockc6@dropbox.com,Female,220.218.238.39
440,Anna-diane,Hovie,ahoviec7@webmd.com,Female,230.208.164.80
441,Evangelia,Nuzzti,enuzztic8@meetup.com,Female,197.26.17.5
442,Zedekiah,Avery,zaveryc9@ask.com,Male,75.189.20.86
443,Donnell,Godleman,dgodlemanca@scientificamerican.com,Male,114.43.52.109
444,Dagmar,Tenwick,dtenwickcb@examiner.com,Female,200.192.148.0
445,Jabez,Howsego,jhowsegocc@google.cn,Male,189.182.174.159
446,Emlynn,Lowless,elowlesscd@oracle.com,Female,97.169.210.219
447,Aurel,Ratt,arattce@dagondesign.com,Female,175.3.179.232
448,Susana,Mole,smolecf@g.co,Female,26.82.226.182
449,Theo,Blencowe,tblencowecg@bravesites.com,Male,22.194.133.16
450,Maura,Langtree,mlangtreech@woothemes.com,Female,178.145.184.195
451,Graeme,Lutty,gluttyci@reuters.com,Male,102.212.137.30
452,Rozelle,Sapauton,rsapautoncj@seesaa.net,Female,242.156.229.35
453,Dolf,Denniss,ddennissck@rakuten.co.jp,Male,165.6.120.46
454,Juliane,Hurren,jhurrencl@blogspot.com,Female,54.22.226.39
455,Gustave,Parkman,gparkmancm@booking.com,Male,201.199.2.85
456,Ferris,Jennery,fjennerycn@hibu.com,Male,186.148.81.148
457,Corri,Moorfield,cmoorfieldco@blinklist.com,Female,77.171.163.105
458,Darcee,Lodovichi,dlodovichicp@yahoo.co.jp,Female,227.170.160.41
459,Ignatius,Wanjek,iwanjekcq@stumbleupon.com,Male,192.2.69.182
460,Curtis,Perchard,cperchardcr@newsvine.com,Male,229.167.211.237
461,Madel,Finders,mfinderscs@liveinternet.ru,Female,204.160.31.214
462,Lonee,Crat,lcratct@loc.gov,Female,253.93.141.185
463,Poppy,Benjamin,pbenjamincu@netvibes.com,Female,66.213.60.10
464,Jaine,Petrus,jpetruscv@jimdo.com,Female,207.150.83.106
465,Ottilie,Lagne,olagnecw@dmoz.org,Female,235.129.94.167
466,Bond,Quarless,bquarlesscx@is.gd,Male,113.9.131.86
467,Dian,McCrisken,dmccriskency@upenn.edu,Female,92.236.141.219
468,Rudy,Sawle,rsawlecz@epa.gov,Male,195.73.56.242
469,Lonnie,McHardy,lmchardyd0@reddit.com,Male,206.200.36.7
470,Katharyn,Bathowe,kbathowed1@statcounter.com,Female,254.0.35.19
471,Fremont,Powter,fpowterd2@vinaora.com,Male,125.113.78.154
472,Heidie,Fortoun,hfortound3@skyrock.com,Female,172.143.205.221
473,Delora,Moger,dmogerd4@usa.gov,Female,140.180.108.235
474,Salli,Arents,sarentsd5@un.org,Female,244.189.175.39
475,Jerrie,Verriour,jverriourd6@boston.com,Male,133.98.179.57
476,Roosevelt,Alsobrook,ralsobrookd7@jiathis.com,Male,114.13.59.234
477,Demetria,Chadney,dchadneyd8@nbcnews.com,Female,40.11.242.244
478,Joachim,Henderson,jhendersond9@blogs.com,Male,198.75.154.144
479,Tera,Copnall,tcopnallda@yahoo.com,Female,17.41.250.77
480,Merrill,Nutten,mnuttendb@sourceforge.net,Female,164.15.94.161
481,Conni,Domelaw,cdomelawdc@netscape.com,Female,79.216.166.83
482,Ortensia,Gile,ogiledd@elpais.com,Female,207.56.85.227
483,Basilius,Jachtym,bjachtymde@latimes.com,Male,94.13.88.110
484,Kinny,Kiddle,kkiddledf@webeden.co.uk,Male,79.139.144.120
485,Bone,Jepp,bjeppdg@smugmug.com,Male,166.156.1.207
486,Ulick,Lavrinov,ulavrinovdh@purevolume.com,Male,163.48.132.90
487,Rey,McLean,rmcleandi@state.gov,Female,110.115.248.172
488,Nelle,Sheed,nsheeddj@meetup.com,Female,205.189.151.106
489,Johannah,Teanby,jteanbydk@chronoengine.com,Female,242.74.62.149
490,Marylin,Robottom,mrobottomdl@ca.gov,Female,124.150.146.213
491,Aleksandr,Touson,atousondm@usnews.com,Male,107.41.222.65
492,De witt,Regorz,dregorzdn@myspace.com,Male,246.4.229.165
493,Care,Brimacombe,cbrimacombedo@desdev.cn,Male,94.86.196.93
494,Maddy,MacCostigan,mmaccostigandp@geocities.com,Female,54.247.137.166
495,Leonie,Esparza,lesparzadq@cmu.edu,Female,229.182.205.64
496,Hebert,Fones,hfonesdr@imdb.com,Male,139.101.158.110
497,Kellsie,Swinney,kswinneyds@rambler.ru,Female,168.167.166.206
498,Bertine,Camel,bcameldt@skyrock.com,Female,75.251.59.67
499,Nadine,Toothill,ntoothilldu@homestead.com,Female,1.7.170.120
500,Prisca,Pettinger,ppettingerdv@about.me,Female,9.168.55.236
501,Noemi,Lowdes,nlowdesdw@twitpic.com,Female,241.167.105.7
502,Perri,MacAllen,pmacallendx@wix.com,Female,91.86.123.14
503,Cynthia,Aldwich,caldwichdy@google.nl,Female,156.238.48.189
504,Alessandro,Chaudron,achaudrondz@wikispaces.com,Male,200.228.63.255
505,Naomi,Humbee,nhumbeee0@live.com,Female,191.224.110.53
506,Joyous,Oolahan,joolahane1@ucoz.ru,Female,101.94.88.116
507,Jard,Wellan,jwellane2@quantcast.com,Male,199.152.188.156
508,Vincent,Bygraves,vbygravese3@hibu.com,Male,26.148.177.212
509,Omero,Buey,obueye4@google.com,Male,90.114.191.208
510,Gerry,Dowdeswell,gdowdeswelle5@theglobeandmail.com,Female,177.191.221.169
511,Luther,Breydin,lbreydine6@alexa.com,Male,209.5.168.81
512,Martainn,Hanbury,mhanburye7@adobe.com,Male,181.198.249.115
513,Glennie,Louche,glouchee8@imageshack.us,Female,117.85.70.222
514,Karolina,Scandroot,kscandroote9@slashdot.org,Female,253.237.247.190
515,Allyn,Luggar,aluggarea@harvard.edu,Female,113.59.177.94
516,Tuck,Reignard,treignardeb@forbes.com,Male,189.5.177.53
517,Laure,Ghioni,lghioniec@typepad.com,Female,243.189.54.79
518,Ivar,Doornbos,idoornbosed@census.gov,Male,46.161.0.217
519,Shelton,Shaughnessy,sshaughnessyee@huffingtonpost.com,Male,133.42.8.180
520,Yetty,Huddart,yhuddartef@lulu.com,Female,158.106.103.128
521,Lisha,Fifoot,lfifooteg@privacy.gov.au,Female,111.53.95.171
522,Giulietta,Kennaway,gkennawayeh@reddit.com,Female,235.160.142.40
523,Karleen,Wishkar,kwishkarei@discovery.com,Female,232.2.141.103
524,Abigael,Kettlestringe,akettlestringeej@last.fm,Female,111.67.104.224
525,Myca,Learman,mlearmanek@moonfruit.com,Male,174.255.40.224
526,Crin,Wiltsher,cwiltsherel@nymag.com,Female,7.72.252.0
527,Ardath,Deverille,adeverilleem@toplist.cz,Female,70.132.137.232
528,Camille,Maudsley,cmaudsleyen@mail.ru,Female,59.171.18.37
529,Arley,Habgood,ahabgoodeo@go.com,Male,180.161.212.200
530,June,Rowston,jrowstonep@weather.com,Female,8.96.151.241
531,Newton,Forson,nforsoneq@clickbank.net,Male,159.161.10.164
532,Jerrome,Blockey,jblockeyer@lycos.com,Male,199.251.128.52
533,Davin,Prothero,dprotheroes@sakura.ne.jp,Male,109.40.125.118
534,Reeta,Goghin,rgoghinet@mysql.com,Female,193.76.1.192
535,Laurette,Rickett,lricketteu@ca.gov,Female,224.173.132.49
536,Carlita,Craister,ccraisterev@seattletimes.com,Female,123.100.187.238
537,Noella,Elsmor,nelsmorew@istockphoto.com,Female,48.252.134.235
538,Karolina,Delcastel,kdelcastelex@freewebs.com,Female,48.9.57.141
539,Neddie,Fry,nfryey@godaddy.com,Male,80.180.209.39
540,Timmy,Sollitt,tsollittez@altervista.org,Male,246.219.92.251
541,Everett,Parrett,eparrettf0@fema.gov,Male,163.239.139.128
542,Reade,Burroughes,rburroughesf1@mozilla.com,Male,122.6.113.1
543,Panchito,MacDunleavy,pmacdunleavyf2@ask.com,Male,49.76.208.52
544,Micheline,Karpov,mkarpovf3@yelp.com,Female,154.235.179.66
545,Garvin,Dyment,gdymentf4@usgs.gov,Male,220.67.114.209
546,Stefania,Tutt,stuttf5@histats.com,Female,68.56.101.90
547,Salome,Martinello,smartinellof6@vistaprint.com,Female,53.109.164.205
548,Ashby,Godain,agodainf7@canalblog.com,Male,155.193.29.10
549,Katharine,Yakebowitch,kyakebowitchf8@mapy.cz,Female,110.117.243.34
550,Rayner,Oxenbury,roxenburyf9@github.com,Male,250.27.104.25
551,Oswald,Briiginshaw,obriiginshawfa@icio.us,Male,100.233.91.0
552,Rosanne,Langstaff,rlangstafffb@csmonitor.com,Female,4.127.96.120
553,Thadeus,Carik,tcarikfc@discovery.com,Male,118.99.198.207
554,Pinchas,Findlow,pfindlowfd@tiny.cc,Male,35.244.110.81
555,Sarajane,Arnal,sarnalfe@flavors.me,Female,221.17.244.11
556,Sib,Eustes,seustesff@cargocollective.com,Female,78.14.248.141
557,Catherine,Sleicht,csleichtfg@nymag.com,Female,196.27.77.39
558,Gordie,Konzelmann,gkonzelmannfh@mysql.com,Male,166.208.229.83
559,Dot,Laugherane,dlaugheranefi@360.cn,Female,36.9.54.205
560,Terri,Alesbrook,talesbrookfj@wiley.com,Male,20.44.13.174
561,Laetitia,Coyish,lcoyishfk@cbslocal.com,Female,167.48.243.64
562,Shermy,Rickeard,srickeardfl@zdnet.com,Male,197.125.140.183
563,Mable,Howbrook,mhowbrookfm@illinois.edu,Female,63.70.232.181
564,Gennie,Hryniewicki,ghryniewickifn@goo.ne.jp,Female,75.2.98.32
565,Vergil,Jerome,vjeromefo@ycombinator.com,Male,154.142.214.207
566,Izaak,Fillimore,ifillimorefp@va.gov,Male,82.114.37.212
567,Monroe,Bracegirdle,mbracegirdlefq@accuweather.com,Male,53.56.131.198
568,Kiel,Cristoforo,kcristoforofr@huffingtonpost.com,Male,75.127.125.107
569,Yolane,Esposita,yespositafs@intel.com,Female,166.64.182.238
570,Pierce,Gomez,pgomezft@yandex.ru,Male,176.183.108.94
571,Rowena,Belcher,rbelcherfu@dailymotion.com,Female,123.120.11.39
572,Garth,Walkey,gwalkeyfv@nytimes.com,Male,29.38.131.233
573,Hillery,Munday,hmundayfw@studiopress.com,Male,110.126.27.139
574,Budd,Kunkler,bkunklerfx@apache.org,Male,75.203.131.196
575,Yulma,De Domenici,ydedomenicify@clickbank.net,Male,13.192.26.49
576,Electra,Pomfrett,epomfrettfz@domainmarket.com,Female,25.248.66.0
577,Stella,Persey,sperseyg0@mysql.com,Female,145.98.244.181
578,Carlen,Pogue,cpogueg1@hostgator.com,Female,174.7.1.207
579,Patrice,Stewartson,pstewartsong2@gravatar.com,Male,177.143.245.166
580,Daryle,Hardbattle,dhardbattleg3@blog.com,Male,119.97.244.36
581,Rudolfo,Husthwaite,rhusthwaiteg4@blogs.com,Male,104.191.254.21
582,Steffane,Vinas,svinasg5@blogspot.com,Female,250.203.141.47
583,Palm,Asprey,paspreyg6@elpais.com,Male,43.195.13.194
584,Francine,Fynan,ffynang7@nytimes.com,Female,43.144.227.253
585,Leia,Deplacido,ldeplacidog8@friendfeed.com,Female,173.118.69.12
586,Jacquenette,Defty,jdeftyg9@disqus.com,Female,173.31.82.93
587,Harlene,Usborn,husbornga@photobucket.com,Female,230.163.117.20
588,Darice,Oels,doelsgb@mapquest.com,Female,202.62.215.182
589,Gifford,Whitelaw,gwhitelawgc@chronoengine.com,Male,169.5.196.230
590,Page,Meeland,pmeelandgd@examiner.com,Female,126.223.221.22
591,Johnny,Oliveras,joliverasge@jiathis.com,Male,49.43.136.225
592,Huntington,Scurrah,hscurrahgf@example.com,Male,221.104.34.27
593,Julissa,Jordin,jjordingg@rakuten.co.jp,Female,166.156.110.15
594,Mel,Garioch,mgariochgh@instagram.com,Female,89.28.236.131
595,Cassandry,Goacher,cgoachergi@indiegogo.com,Female,42.177.79.239
596,Levi,Henrot,lhenrotgj@gov.uk,Male,53.85.185.112
597,Max,Danslow,mdanslowgk@cafepress.com,Male,205.157.18.153
598,Amby,Keble,akeblegl@newsvine.com,Male,162.48.193.173
599,Osbert,Normandale,onormandalegm@mtv.com,Male,245.89.46.115
600,Luther,Temlett,ltemlettgn@ow.ly,Male,89.33.149.52
601,Gabe,Skinn,gskinngo@timesonline.co.uk,Male,47.26.236.89
602,Gena,Russell,grussellgp@jalbum.net,Female,179.103.77.98
603,Lora,Saunier,lsauniergq@typepad.com,Female,55.132.11.146
604,Rowan,Twohig,rtwohiggr@mozilla.org,Male,37.57.210.233
605,Hersch,Northway,hnorthwaygs@cyberchimps.com,Male,231.42.56.177
606,Amery,Crowcher,acrowchergt@yahoo.co.jp,Male,70.73.4.219
607,Dorene,Kearn,dkearngu@imdb.com,Female,105.208.177.99
608,Shell,Watchorn,swatchorngv@facebook.com,Female,180.196.121.61
609,Will,Matthew,wmatthewgw@godaddy.com,Male,178.31.92.4
610,Haroun,Jakubowsky,hjakubowskygx@netlog.com,Male,190.17.111.70
611,Normand,Rushby,nrushbygy@csmonitor.com,Male,252.231.15.229
612,Jeannette,Burlay,jburlaygz@home.pl,Female,166.26.231.102
613,Harli,Shermore,hshermoreh0@1688.com,Female,217.139.241.54
614,Darlene,Dobkin,ddobkinh1@tinypic.com,Female,193.224.106.43
615,Viviyan,Claringbold,vclaringboldh2@hc360.com,Female,196.161.254.255
616,Jeremy,Juris,jjurish3@prlog.org,Male,72.178.193.151
617,Stafford,Shuard,sshuardh4@umn.edu,Male,11.237.165.166
618,Bella,Dougher,bdougherh5@miitbeian.gov.cn,Female,35.87.184.104
619,Nicola,Toplis,ntoplish6@youku.com,Female,230.114.21.52
620,Jennette,Tigwell,jtigwellh7@aboutads.info,Female,189.182.181.27
621,Christy,Bertouloume,cbertouloumeh8@shutterfly.com,Male,225.203.7.146
622,Darryl,Locksley,dlocksleyh9@un.org,Male,10.99.150.81
623,Mickey,Newnham,mnewnhamha@trellian.com,Male,180.98.198.67
624,Lilith,Jatczak,ljatczakhb@forbes.com,Female,207.117.47.230
625,Flor,Byart,fbyarthc@google.com,Female,86.114.31.133
626,Clea,Drydale,cdrydalehd@amazon.co.uk,Female,42.194.81.104
627,Barbabas,Bleakley,bbleakleyhe@irs.gov,Male,67.9.108.11
628,Barby,Dumbarton,bdumbartonhf@wsj.com,Female,224.209.162.148
629,Goddart,Kubica,gkubicahg@comcast.net,Male,1.158.239.63
630,Creigh,Madgwick,cmadgwickhh@freewebs.com,Male,153.4.23.226
631,Hana,Dumblton,hdumbltonhi@google.com.hk,Female,172.100.64.32
632,Brett,Beaumont,bbeaumonthj@time.com,Male,183.13.232.31
633,Adora,Audritt,aaudritthk@tiny.cc,Female,94.248.71.77
634,Vannie,Grimwood,vgrimwoodhl@zdnet.com,Female,18.51.10.109
635,Peyton,Rapport,prapporthm@cafepress.com,Male,54.123.241.70
636,Conchita,Dunridge,cdunridgehn@businessweek.com,Female,16.31.14.30
637,Trace,Itzakson,titzaksonho@springer.com,Male,48.56.134.152
638,Jandy,McGraffin,jmcgraffinhp@pcworld.com,Female,52.33.253.200
639,Wilhelm,Wilfinger,wwilfingerhq@sina.com.cn,Male,128.142.171.190
640,Stormy,Scutter,sscutterhr@mtv.com,Female,122.233.68.112
641,Constanta,Sabban,csabbanhs@hp.com,Female,234.107.228.18
642,Dugald,Kennler,dkennlerht@constantcontact.com,Male,37.182.66.131
643,Jeffy,Gottelier,jgottelierhu@amazon.de,Male,238.251.84.1
644,Darice,Hambling,dhamblinghv@ucoz.com,Female,238.179.47.36
645,Minda,Oxherd,moxherdhw@networkadvertising.org,Female,122.165.172.37
646,Tally,Zimmermanns,tzimmermannshx@nsw.gov.au,Female,140.33.153.5
647,Elliott,Shervington,eshervingtonhy@soup.io,Male,74.93.168.81
648,Fanechka,Giacobo,fgiacobohz@apache.org,Female,161.174.164.29
649,Dallas,Dionisii,ddionisiii0@google.ru,Male,18.3.107.34
650,Tallulah,MacLennan,tmaclennani1@blog.com,Female,82.138.124.16
651,Huntlee,Vell,hvelli2@webeden.co.uk,Male,198.117.15.238
652,Jed,Skipsea,jskipseai3@friendfeed.com,Male,5.110.8.210
653,Elinor,Biddlestone,ebiddlestonei4@so-net.ne.jp,Female,153.10.128.151
654,Verla,Fibbings,vfibbingsi5@amazon.co.uk,Female,61.14.223.89
655,Barbabas,Virgo,bvirgoi6@dion.ne.jp,Male,195.109.155.169
656,Avigdor,Huitson,ahuitsoni7@hc360.com,Male,251.50.124.0
657,Spencer,Woodger,swoodgeri8@dropbox.com,Male,99.6.130.193
658,Berrie,Pott,bpotti9@t-online.de,Female,30.87.117.69
659,Aryn,Kennifeck,akennifeckia@facebook.com,Female,68.117.224.102
660,Quinton,Jeans,qjeansib@google.co.uk,Male,98.51.90.174
661,Fin,Cockshut,fcockshutic@archive.org,Male,176.168.145.53
662,Raimund,Fassam,rfassamid@google.com.au,Male,124.79.77.166
663,Brendis,Phillipps,bphillippsie@whitehouse.gov,Male,12.247.57.227
664,Jessee,Chudleigh,jchudleighif@ebay.co.uk,Male,170.43.17.118
665,Amandie,McKomb,amckombig@msn.com,Female,4.105.20.255
666,Linette,Burch,lburchih@walmart.com,Female,140.75.49.142
667,Benoite,Steketee,bsteketeeii@cpanel.net,Female,250.43.168.18
668,Lock,Chaffer,lchafferij@zimbio.com,Male,2.56.225.191
669,Jonah,Laverty,jlavertyik@engadget.com,Male,211.193.91.63
670,Roseann,Chesser,rchesseril@redcross.org,Female,50.201.11.196
671,Carolus,Carrivick,ccarrivickim@ovh.net,Male,89.163.150.76
672,Ingaberg,Shipley,ishipleyin@opensource.org,Female,82.47.140.185
673,Rolph,Oldcroft,roldcroftio@senate.gov,Male,201.163.41.36
674,Ezekiel,Atrill,eatrillip@huffingtonpost.com,Male,31.21.11.170
675,Jordanna,Allcock,jallcockiq@usnews.com,Female,167.64.220.57
676,Cori,Dunton,cduntonir@paypal.com,Female,61.6.52.58
677,Kristos,Lillgard,klillgardis@etsy.com,Male,46.96.4.49
678,Melisande,Coils,mcoilsit@networksolutions.com,Female,242.249.128.204
679,Tedd,Dalrymple,tdalrympleiu@wikimedia.org,Male,168.48.181.52
680,Phillie,Janusik,pjanusikiv@chicagotribune.com,Female,27.128.5.205
681,Robby,Davidescu,rdavidescuiw@lulu.com,Female,152.30.208.12
682,Trefor,Dyment,tdymentix@home.pl,Male,139.185.234.245
683,Giraud,Fonso,gfonsoiy@guardian.co.uk,Male,77.103.195.255
684,Bondy,Rambadt,brambadtiz@yandex.ru,Male,242.150.248.110
685,Lanny,Beadnell,lbeadnellj0@umn.edu,Male,17.58.230.144
686,Locke,Sebyer,lsebyerj1@fema.gov,Male,15.68.16.117
687,Cris,Ateridge,cateridgej2@shutterfly.com,Male,234.247.95.170
688,Euphemia,Sandison,esandisonj3@answers.com,Female,145.247.12.147
689,Paulie,Edgcumbe,pedgcumbej4@census.gov,Female,5.61.111.128
690,Connie,Cowan,ccowanj5@ustream.tv,Female,81.215.254.218
691,Krystle,Cornely,kcornelyj6@vimeo.com,Female,69.112.89.209
692,Dniren,Manueau,dmanueauj7@whitehouse.gov,Female,211.154.21.47
693,Gregoor,Ivanshintsev,givanshintsevj8@macromedia.com,Male,102.7.251.87
694,Donny,Towl,dtowlj9@pen.io,Male,157.36.10.255
695,Megen,Eixenberger,meixenbergerja@angelfire.com,Female,194.100.154.78
696,Shepperd,Kenset,skensetjb@freewebs.com,Male,101.136.142.30
697,Loren,Edgeson,ledgesonjc@marriott.com,Male,128.88.156.53
698,Thorsten,Duffrie,tduffriejd@ask.com,Male,182.89.88.172
699,Sayre,Setterfield,ssetterfieldje@tripod.com,Female,134.66.25.231
700,Sarita,Dziwisz,sdziwiszjf@china.com.cn,Female,13.246.255.231
701,Corny,de Copeman,cdecopemanjg@who.int,Male,62.137.191.83
702,Marisa,Pursglove,mpursglovejh@tiny.cc,Female,45.96.149.177
703,Arel,Shewen,ashewenji@whitehouse.gov,Male,203.79.65.87
704,Rockey,Slimings,rslimingsjj@google.co.uk,Male,25.109.37.183
705,Cullie,Gress,cgressjk@state.tx.us,Male,146.241.65.76
706,Christie,Swaffield,cswaffieldjl@marketwatch.com,Female,180.44.192.181
707,Euphemia,McCann,emccannjm@china.com.cn,Female,51.1.93.140
708,Daryl,Hazley,dhazleyjn@a8.net,Male,195.170.201.104
709,Cordi,Tieman,ctiemanjo@walmart.com,Female,162.1.79.164
710,Fleming,Wakely,fwakelyjp@upenn.edu,Male,152.198.153.164
711,Jo-anne,Giraths,jgirathsjq@feedburner.com,Female,111.39.238.91
712,Brendin,Grisewood,bgrisewoodjr@blinklist.com,Male,31.120.248.87
713,Marwin,Daviddi,mdaviddijs@plala.or.jp,Male,226.96.19.80
714,Dennison,Schulz,dschulzjt@theguardian.com,Male,210.181.86.83
715,Valida,Domelow,vdomelowju@ed.gov,Female,30.106.204.41
716,Britt,Puttick,bputtickjv@spotify.com,Male,169.214.43.49
717,Hanna,Puttick,hputtickjw@mayoclinic.com,Female,109.211.62.46
718,Margret,Bosenworth,mbosenworthjx@umich.edu,Female,36.134.72.227
719,Cristine,Schapero,cschaperojy@shinystat.com,Female,139.240.31.199
720,Maurizio,Dunstone,mdunstonejz@hao123.com,Male,132.178.207.145
721,Garfield,Houchen,ghouchenk0@mapy.cz,Male,219.201.106.51
722,Elly,Lezemore,elezemorek1@cdbaby.com,Female,113.143.234.95
723,Carlie,Aymerich,caymerichk2@answers.com,Female,188.16.86.66
724,Giuseppe,Wingeat,gwingeatk3@msn.com,Male,125.70.215.36
725,Tristam,Fromont,tfromontk4@dell.com,Male,102.140.233.67
726,Killy,Merman,kmermank5@mashable.com,Male,219.211.148.101
727,Giulio,O'Kynsillaghe,gokynsillaghek6@princeton.edu,Male,252.161.214.135
728,Lutero,Lamers,llamersk7@imgur.com,Male,249.102.50.81
729,Glenden,Pleasance,gpleasancek8@craigslist.org,Male,151.63.206.49
730,Evin,Dollen,edollenk9@ucla.edu,Male,75.152.140.45
731,Giorgio,Charlot,gcharlotka@umich.edu,Male,99.119.47.227
732,Gerianne,Knights,gknightskb@oracle.com,Female,154.19.128.106
733,Wilhelm,Haggie,whaggiekc@clickbank.net,Male,41.71.193.79
734,Jerri,Daft,jdaftkd@delicious.com,Male,217.135.238.179
735,Esma,Angrave,eangraveke@gizmodo.com,Female,62.178.78.185
736,Fancie,Simonetti,fsimonettikf@unesco.org,Female,184.128.214.254
737,Bettine,Selby,bselbykg@nationalgeographic.com,Female,189.229.119.40
738,Winnie,Georgescu,wgeorgescukh@t.co,Male,123.41.210.73
739,Garik,Broddle,gbroddleki@ebay.com,Male,219.126.162.148
740,Anica,Katzmann,akatzmannkj@weather.com,Female,30.230.34.48
741,Ross,Myford,rmyfordkk@mozilla.com,Male,18.243.202.23
742,Meta,Galland,mgallandkl@cisco.com,Female,218.134.37.49
743,Esra,Job,ejobkm@unesco.org,Male,51.153.158.212
744,Sherilyn,Boys,sboyskn@gmpg.org,Female,25.225.142.30
745,Thibaut,Mitchenson,tmitchensonko@bravesites.com,Male,230.52.152.38
746,Lydon,Bourcq,lbourcqkp@cam.ac.uk,Male,47.178.171.53
747,Lance,Elcock,lelcockkq@angelfire.com,Male,10.44.29.138
748,Sherye,Hudleston,shudlestonkr@jugem.jp,Female,18.231.82.235
749,Paulie,Vest,pvestks@cloudflare.com,Male,209.59.90.45
750,Cal,Challoner,cchallonerkt@hc360.com,Female,238.109.200.253
751,Imogene,Gobeau,igobeauku@macromedia.com,Female,29.169.231.209
752,Tresa,Ramsdell,tramsdellkv@washingtonpost.com,Female,225.92.77.50
753,Moreen,Burehill,mburehillkw@comcast.net,Female,42.88.220.171
754,Grantham,Pavelin,gpavelinkx@state.gov,Male,245.224.103.167
755,Devan,Mains,dmainsky@bbc.co.uk,Female,163.58.207.82
756,Willa,Arboine,warboinekz@smugmug.com,Female,49.249.64.211
757,Shaw,Leaver,sleaverl0@tmall.com,Male,41.37.78.16
758,Kendricks,Bracknall,kbracknalll1@rediff.com,Male,19.0.141.54
759,Andreana,Moynihan,amoynihanl2@answers.com,Female,115.97.241.176
760,Devin,Gotcliffe,dgotcliffel3@engadget.com,Female,137.57.151.136
761,Myrilla,Slatcher,mslatcherl4@sciencedaily.com,Female,36.89.235.89
762,Irma,Fryd,ifrydl5@apple.com,Female,183.3.151.140
763,Bryn,Batterham,bbatterhaml6@seesaa.net,Male,23.153.172.140
764,Nanete,Wedon,nwedonl7@ustream.tv,Female,209.29.71.12
765,Juliet,Jehaes,jjehaesl8@hao123.com,Female,70.127.228.131
766,Farrah,Chagg,fchaggl9@umich.edu,Female,4.235.229.165
767,Darren,Coard,dcoardla@webs.com,Male,153.112.183.55
768,Lonnie,Crane,lcranelb@ameblo.jp,Female,155.236.168.12
769,Randi,Brinkworth,rbrinkworthlc@wikispaces.com,Male,62.20.160.19
770,Warde,Barczynski,wbarczynskild@china.com.cn,Male,26.139.247.231
771,Rem,Voules,rvoulesle@fema.gov,Male,218.100.124.1
772,Hamid,Noakes,hnoakeslf@shinystat.com,Male,22.70.90.59
773,Jock,Frood,jfroodlg@webs.com,Male,121.194.187.55
774,Desmond,Wheldon,dwheldonlh@go.com,Male,154.147.16.77
775,Noll,McGifford,nmcgiffordli@lulu.com,Male,120.84.255.137
776,Tom,Wilsee,twilseelj@oracle.com,Male,234.138.210.36
777,Linet,Kewish,lkewishlk@tiny.cc,Female,168.143.147.53
778,Hestia,Kliemchen,hkliemchenll@weebly.com,Female,67.220.47.16
779,Morey,Lamacraft,mlamacraftlm@scientificamerican.com,Male,198.207.87.133
780,Lorant,Prozillo,lprozilloln@a8.net,Male,6.57.5.44
781,Jacki,Brake,jbrakelo@moonfruit.com,Female,91.16.37.253
782,Ogdon,Aubry,oaubrylp@ifeng.com,Male,123.114.69.135
783,Lindsey,McHardy,lmchardylq@merriam-webster.com,Male,50.82.31.251
784,Lil,Oldred,loldredlr@sphinn.com,Female,43.149.201.145
785,Isidora,Puddefoot,ipuddefootls@hexun.com,Female,176.9.80.110
786,Seth,Grubb,sgrubblt@tinypic.com,Male,180.169.165.111
787,Kennan,Jewers,kjewerslu@toplist.cz,Male,112.142.215.139
788,Stafford,Ahmed,sahmedlv@edublogs.org,Male,83.227.245.110
789,Kalila,Knifton,kkniftonlw@independent.co.uk,Female,26.147.152.214
790,Tanhya,Rushworth,trushworthlx@theglobeandmail.com,Female,138.218.226.138
791,Rickert,Moyler,rmoylerly@miibeian.gov.cn,Male,81.223.218.41
792,Kimble,Dilland,kdillandlz@mediafire.com,Male,244.157.207.6
793,Winnifred,Gardner,wgardnerm0@reference.com,Female,1.78.224.27
794,Julia,Bresland,jbreslandm1@examiner.com,Female,4.93.247.65
795,Lu,Clubley,lclubleym2@edublogs.org,Female,23.143.61.194
796,Malvina,Benditt,mbendittm3@stanford.edu,Female,206.224.32.150
797,Gracia,Luppitt,gluppittm4@github.com,Female,50.180.162.35
798,Janetta,Lomasny,jlomasnym5@independent.co.uk,Female,10.86.62.49
799,Hobard,Fearnsides,hfearnsidesm6@tumblr.com,Male,46.220.10.225
800,Egon,Thomtson,ethomtsonm7@salon.com,Male,49.232.10.167
801,Alexandros,Kleinmann,akleinmannm8@1688.com,Male,0.24.211.24
802,Noe,Gowdridge,ngowdridgem9@spiegel.de,Male,162.112.167.34
803,Erhard,Buckles,ebucklesma@hao123.com,Male,149.240.219.154
804,Ebonee,Barrus,ebarrusmb@spotify.com,Female,66.241.234.248
805,Bartel,Kiendl,bkiendlmc@dailymail.co.uk,Male,182.191.49.195
806,Gustie,Eldered,gelderedmd@i2i.jp,Female,176.36.148.37
807,Byran,Grogor,bgrogorme@yellowpages.com,Male,85.11.50.108
808,Paco,Linnit,plinnitmf@nytimes.com,Male,161.141.195.120
809,Virgie,Crum,vcrummg@godaddy.com,Female,118.61.34.131
810,Brady,Greenroad,bgreenroadmh@marketwatch.com,Male,178.66.231.94
811,Reinald,Hannabus,rhannabusmi@google.co.jp,Male,162.67.184.173
812,Tommy,Silbert,tsilbertmj@sogou.com,Male,114.28.194.152
813,Thebault,Leake,tleakemk@chronoengine.com,Male,174.125.195.28
814,Maison,Jakobsson,mjakobssonml@wikia.com,Male,155.219.213.47
815,Jakob,Hayler,jhaylermm@forbes.com,Male,39.229.200.57
816,Tracee,Simonazzi,tsimonazzimn@gnu.org,Female,243.22.134.241
817,Shem,Chastelain,schastelainmo@blogtalkradio.com,Male,13.184.7.219
818,Rhianon,Creevy,rcreevymp@soup.io,Female,137.2.155.62
819,Rana,Humm,rhummmq@mtv.com,Female,7.128.221.92
820,Mordy,Dumpleton,mdumpletonmr@meetup.com,Male,106.154.154.170
821,Mikkel,Whytock,mwhytockms@hc360.com,Male,70.136.65.75
822,Clair,Tann,ctannmt@yellowpages.com,Female,113.18.153.77
823,Benyamin,Chesterman,bchestermanmu@independent.co.uk,Male,29.65.221.171
824,Amity,Trowell,atrowellmv@csmonitor.com,Female,19.55.37.247
825,Lonee,Stathor,lstathormw@sogou.com,Female,49.65.120.87
826,Arri,Darracott,adarracottmx@sourceforge.net,Male,163.35.120.85
827,Gaile,Allington,gallingtonmy@dropbox.com,Male,40.237.29.102
828,Katee,Smewings,ksmewingsmz@cisco.com,Female,239.154.205.48
829,Marlee,Blasetti,mblasettin0@house.gov,Female,131.144.192.85
830,Anett,Schindler,aschindlern1@sun.com,Female,5.233.20.15
831,Nelie,Loachhead,nloachheadn2@army.mil,Female,31.234.84.221
832,Cedric,Folkerts,cfolkertsn3@icio.us,Male,131.228.1.159
833,Evania,Kirgan,ekirgann4@istockphoto.com,Female,182.246.58.69
834,Lily,Gauchier,lgauchiern5@opensource.org,Female,22.139.12.37
835,Noell,Springett,nspringettn6@howstuffworks.com,Female,255.235.79.188
836,Agustin,Olivia,aolivian7@desdev.cn,Male,201.79.132.27
837,Ikey,Asel,iaseln8@list-manage.com,Male,115.216.145.73
838,Bobbye,Batter,bbattern9@theatlantic.com,Female,97.121.153.206
839,Allen,Marden,amardenna@tuttocitta.it,Male,55.76.126.194
840,Tuck,Scotchmer,tscotchmernb@nps.gov,Male,190.245.160.212
841,Aile,Fullerd,afullerdnc@flickr.com,Female,210.181.5.6
842,Carny,Saphir,csaphirnd@tuttocitta.it,Male,138.207.248.69
843,Ezmeralda,Vockings,evockingsne@liveinternet.ru,Female,232.213.210.69
844,Fidel,Brammall,fbrammallnf@craigslist.org,Male,236.63.7.80
845,Sibilla,Esplin,sesplinng@patch.com,Female,50.38.255.212
846,Dexter,Rebeiro,drebeironh@columbia.edu,Male,155.248.253.93
847,Randall,Leadbetter,rleadbetterni@paypal.com,Male,232.7.149.10
848,Cyrillus,Pietruszka,cpietruszkanj@linkedin.com,Male,4.101.104.201
849,Bel,Kloster,bklosternk@flickr.com,Female,112.171.197.161
850,Orland,Gwinnell,ogwinnellnl@twitter.com,Male,165.135.42.205
851,Abey,Fane,afanenm@canalblog.com,Male,177.10.247.85
852,Mathilde,Rarity,mraritynn@apple.com,Female,64.137.45.191
853,Marlena,Rouch,mrouchno@ask.com,Female,243.2.222.122
854,Thom,Littlejohn,tlittlejohnnp@woothemes.com,Male,41.223.157.61
855,Fonzie,Thain,fthainnq@mysql.com,Male,191.52.145.57
856,Hallsy,d' Elboux,hdelbouxnr@bluehost.com,Male,155.33.197.178
857,Guillaume,Rue,gruens@last.fm,Male,91.91.192.195
858,Emelen,Greatrex,egreatrexnt@163.com,Male,131.247.180.117
859,Millard,Tubritt,mtubrittnu@foxnews.com,Male,61.61.204.177
860,Evangeline,Abbe,eabbenv@prnewswire.com,Female,228.122.112.124
861,Yard,Farries,yfarriesnw@biglobe.ne.jp,Male,44.56.240.117
862,Brock,Melbury,bmelburynx@discuz.net,Male,114.114.164.98
863,Rubin,Forestall,rforestallny@newyorker.com,Male,15.115.119.57
864,Garvy,Mingaud,gmingaudnz@archive.org,Male,245.109.135.225
865,Talbert,MacTerlagh,tmacterlagho0@aboutads.info,Male,188.202.167.148
866,Balduin,Sember,bsembero1@imgur.com,Male,248.57.64.179
867,Eliza,Wigglesworth,ewiggleswortho2@yellowbook.com,Female,252.18.222.177
868,Clair,MacMickan,cmacmickano3@jigsy.com,Female,182.201.147.105
869,Piper,Oliveto,polivetoo4@tuttocitta.it,Female,172.141.119.192
870,Nanci,Kitley,nkitleyo5@sitemeter.com,Female,137.25.91.5
871,Ellie,Saffin,esaffino6@bbc.co.uk,Female,165.29.100.54
872,Kermit,Santori,ksantorio7@liveinternet.ru,Male,53.122.81.26
873,Marillin,Tumelty,mtumeltyo8@csmonitor.com,Female,238.13.247.230
874,Hercule,Grzelczak,hgrzelczako9@lulu.com,Male,1.56.91.52
875,Matilde,Ruf,mrufoa@so-net.ne.jp,Female,143.218.145.237
876,Ephrayim,Turrill,eturrillob@skyrock.com,Male,90.55.86.202
877,Heloise,Kelloch,hkellochoc@netlog.com,Female,52.115.37.20
878,Zollie,Kiloh,zkilohod@ft.com,Male,71.95.9.74
879,Henka,O'Henehan,hohenehanoe@abc.net.au,Female,113.14.86.117
880,Jermaine,Sillars,jsillarsof@businessweek.com,Female,6.20.72.181
881,Burg,McIlenna,bmcilennaog@jiathis.com,Male,0.222.191.194
882,Cherida,Claeskens,cclaeskensoh@csmonitor.com,Female,249.199.217.0
883,Jen,Purviss,jpurvissoi@goo.gl,Female,17.197.174.187
884,Benni,Neath,bneathoj@bloomberg.com,Female,52.171.94.21
885,Arliene,Sahnow,asahnowok@prweb.com,Female,229.196.143.80
886,Tad,Sancroft,tsancroftol@soundcloud.com,Male,33.201.86.217
887,Georges,Ucchino,gucchinoom@disqus.com,Male,89.4.226.62
888,Shelly,de Leon,sdeleonon@mit.edu,Female,168.26.221.81
889,Shaylah,Lerner,slerneroo@stanford.edu,Female,116.225.252.28
890,Celinda,Rains,crainsop@cocolog-nifty.com,Female,240.31.154.239
891,Elfie,Gittus,egittusoq@behance.net,Female,243.40.29.8
892,Tripp,Feifer,tfeiferor@pinterest.com,Male,29.111.157.76
893,Margit,Frenchum,mfrenchumos@msn.com,Female,78.13.47.134
894,Dottie,Cescoti,dcescotiot@apple.com,Female,231.11.112.2
895,Cheston,Coneybeer,cconeybeerou@ox.ac.uk,Male,85.224.131.230
896,Kelbee,Shuttell,kshuttellov@tamu.edu,Male,146.171.120.0
897,Urban,Minnis,uminnisow@craigslist.org,Male,238.132.59.23
898,Tatum,Valois,tvaloisox@printfriendly.com,Female,42.224.227.24
899,Steffie,Wisson,swissonoy@mlb.com,Female,170.216.60.181
900,Bayard,Scrivin,bscrivinoz@geocities.com,Male,159.224.136.28
901,Griffin,Northway,gnorthwayp0@oakley.com,Male,224.50.59.65
902,Germaine,Hartington,ghartingtonp1@weibo.com,Female,125.193.237.170
903,Porty,Erik,perikp2@slideshare.net,Male,150.207.252.20
904,Curt,Crosskell,ccrosskellp3@omniture.com,Male,202.139.100.252
905,Abran,Matley,amatleyp4@harvard.edu,Male,34.107.143.165
906,Filippa,McKea,fmckeap5@adobe.com,Female,33.211.200.104
907,Bartram,Floyd,bfloydp6@arstechnica.com,Male,165.59.247.22
908,Diana,Kissock,dkissockp7@multiply.com,Female,208.127.139.79
909,Mikel,Shillabeer,mshillabeerp8@hc360.com,Male,217.27.79.172
910,Maurice,Harm,mharmp9@mashable.com,Male,53.49.51.114
911,Nestor,Opdenorth,nopdenorthpa@fastcompany.com,Male,216.111.221.137
912,Rebbecca,Farnish,rfarnishpb@cmu.edu,Female,94.115.166.187
913,Brynne,Kloser,bkloserpc@symantec.com,Female,154.38.89.173
914,Irena,Hanny,ihannypd@webeden.co.uk,Female,57.48.39.238
915,Valentia,Fox,vfoxpe@dell.com,Female,227.21.241.114
916,Rivi,Brummell,rbrummellpf@xing.com,Female,174.178.55.247
917,Jonie,Strowlger,jstrowlgerpg@fotki.com,Female,192.147.85.150
918,Josh,D'Aubney,jdaubneyph@wisc.edu,Male,200.114.122.24
919,Matthus,Basezzi,mbasezzipi@ask.com,Male,54.70.201.215
920,Johnny,Chaman,jchamanpj@cbc.ca,Male,186.7.208.245
921,Patrizia,Halworth,phalworthpk@sun.com,Female,94.197.251.118
922,Selestina,Martins,smartinspl@jugem.jp,Female,146.1.71.119
923,Lydie,Londing,llondingpm@digg.com,Female,177.202.30.239
924,Myrna,Harnott,mharnottpn@clickbank.net,Female,253.181.11.139
925,Tammie,Santus,tsantuspo@sciencedirect.com,Female,91.129.68.129
926,Constantine,Aspin,caspinpp@slideshare.net,Male,221.215.176.100
927,Dacia,Billin,dbillinpq@cam.ac.uk,Female,114.173.186.157
928,Bartolomeo,Brizell,bbrizellpr@nydailynews.com,Male,46.42.100.241
929,Saunder,Fitzsymonds,sfitzsymondsps@house.gov,Male,191.235.130.49
930,Pyotr,Meins,pmeinspt@goodreads.com,Male,73.161.139.166
931,Giraud,Sherland,gsherlandpu@tumblr.com,Male,211.83.72.252
932,Courtney,Northcote,cnorthcotepv@indiegogo.com,Male,164.165.141.215
933,Theodor,Frantzeni,tfrantzenipw@posterous.com,Male,131.146.84.40
934,Fielding,Comiam,fcomiampx@cmu.edu,Male,109.199.207.105
935,Merle,Dalley,mdalleypy@unc.edu,Male,143.119.80.228
936,Zora,Lochet,zlochetpz@qq.com,Female,155.126.196.12
937,Nero,Offill,noffillq0@php.net,Male,21.74.121.220
938,Shirleen,Spottswood,sspottswoodq1@nature.com,Female,141.139.131.156
939,Gwenneth,Flaonier,gflaonierq2@wsj.com,Female,99.124.37.164
940,Clare,Janiszewski,cjaniszewskiq3@oakley.com,Female,95.43.195.57
941,Maridel,Gantley,mgantleyq4@geocities.jp,Female,161.28.160.79
942,Caprice,Flitcroft,cflitcroftq5@deliciousdays.com,Female,125.146.126.17
943,Bondie,Juste,bjusteq6@uiuc.edu,Male,203.180.44.206
944,Camey,Faughnan,cfaughnanq7@uiuc.edu,Male,132.48.132.26
945,Karlan,Sylett,ksylettq8@lycos.com,Male,40.124.106.46
946,Hervey,Louthe,hloutheq9@dot.gov,Male,45.185.47.76
947,Beauregard,Mustarde,bmustardeqa@taobao.com,Male,77.94.254.79
948,Brantley,Bigglestone,bbigglestoneqb@senate.gov,Male,112.4.101.139
949,Nichole,Smallwood,nsmallwoodqc@amazonaws.com,Male,123.192.253.230
950,Lea,Shewon,lshewonqd@wix.com,Female,149.201.84.0
951,Charisse,Stellman,cstellmanqe@ucoz.ru,Female,115.185.101.185
952,Lena,Ebbers,lebbersqf@ucoz.com,Female,59.104.197.252
953,Warden,Pantlin,wpantlinqg@examiner.com,Male,35.27.101.211
954,Donnell,Durrant,ddurrantqh@cargocollective.com,Male,115.186.63.205
955,Hirsch,McCraine,hmccraineqi@blinklist.com,Male,102.81.219.255
956,Merilee,Emloch,memlochqj@istockphoto.com,Female,151.143.44.19
957,Kort,Schwartz,kschwartzqk@ehow.com,Male,148.186.162.241
958,Umberto,Paddeley,upaddeleyql@cafepress.com,Male,97.159.154.114
959,Papagena,Oneile,poneileqm@amazon.co.jp,Female,1.193.70.4
960,Hastie,Tooth,htoothqn@stumbleupon.com,Male,219.41.144.188
961,Wenonah,Everingham,weveringhamqo@baidu.com,Female,206.43.160.236
962,David,Byrd,dbyrdqp@oracle.com,Male,116.45.215.154
963,Claresta,Blakeman,cblakemanqq@icq.com,Female,56.89.70.201
964,Fredrika,Mutch,fmutchqr@hexun.com,Female,252.173.120.73
965,Elaina,Corona,ecoronaqs@google.com.hk,Female,15.20.232.230
966,Arlin,Winterton,awintertonqt@jiathis.com,Male,95.209.148.69
967,Isidro,Naper,inaperqu@wordpress.org,Male,124.225.240.56
968,Darya,Kynman,dkynmanqv@jimdo.com,Female,147.53.48.125
969,Horton,Olford,holfordqw@skype.com,Male,175.15.19.65
970,Isabeau,Haimes,ihaimesqx@bing.com,Female,101.172.211.100
971,Dede,McLean,dmcleanqy@w3.org,Female,215.255.177.147
972,Cori,Pheby,cphebyqz@nsw.gov.au,Male,135.195.40.16
973,Karrie,Tume,ktumer0@amazon.co.jp,Female,241.147.66.44
974,Eloisa,Blundan,eblundanr1@noaa.gov,Female,124.184.127.60
975,Zsa zsa,Ipsgrave,zipsgraver2@mac.com,Female,153.174.39.217
976,Marlin,Crysell,mcrysellr3@etsy.com,Male,216.170.151.127
977,Wolfy,Pedreschi,wpedreschir4@who.int,Male,215.71.167.147
978,Evelina,Spileman,espilemanr5@wunderground.com,Female,74.25.137.182
979,Stefan,Woodhams,swoodhamsr6@disqus.com,Male,244.68.232.43
980,Nickolas,Cestard,ncestardr7@example.com,Male,131.135.59.148
981,Brigida,Avrasin,bavrasinr8@photobucket.com,Female,65.43.29.190
982,Darby,Pennycuick,dpennycuickr9@lycos.com,Male,192.22.201.166
983,Danita,Willmetts,dwillmettsra@cnet.com,Female,45.239.99.117
984,Gavin,Kleinsinger,gkleinsingerrb@sohu.com,Male,14.56.109.127
985,Anthea,Samart,asamartrc@cornell.edu,Female,149.48.79.175
986,Francyne,Ficken,ffickenrd@discovery.com,Female,48.204.76.215
987,Alexandro,Honniebal,ahonniebalre@diigo.com,Male,101.112.185.241
988,Karry,Vouls,kvoulsrf@newyorker.com,Female,19.20.151.186
989,Timmy,Faye,tfayerg@printfriendly.com,Male,185.71.79.98
990,Colline,Eskell,ceskellrh@sakura.ne.jp,Female,118.22.42.19
991,Maryanna,Stemp,mstempri@elegantthemes.com,Female,238.180.205.13
992,Jimmy,O'Kieran,jokieranrj@miitbeian.gov.cn,Male,102.6.221.56
993,Pete,Ladlow,pladlowrk@oaic.gov.au,Male,7.65.145.86
994,Antonio,Eleshenar,aeleshenarrl@oakley.com,Male,21.225.202.42
995,Mike,Speight,mspeightrm@printfriendly.com,Male,49.149.108.247
996,Kylynn,Nazareth,knazarethrn@drupal.org,Female,1.99.205.156
997,Georgina,Gilbanks,ggilbanksro@dyndns.org,Female,222.145.137.201
998,Benjie,Mollen,bmollenrp@hao123.com,Male,198.123.148.45
999,Cortie,Martignoni,cmartignonirq@stumbleupon.com,Male,21.23.247.157
1000,Trevor,Antcliffe,tantclifferr@freewebs.com,Male,78.152.159.179
